onset	duration	trial_type	value	sample
0.1953125	1.5	out	2	50
2.5859375	1.5	out	2	662
4.9765625	1.5	out	2	1274
7.3671875	1.5	out	2	1886
9.7578125	1.5	out	2	2498
12.1484375	1.5	out	2	3110
14.5390625	1.5	out	2	3722
16.9296875	1.5	out	2	4334
19.3203125	1.5	out	2	4946
21.7109375	1.5	out	2	5558
24.1015625	1.5	out	2	6170
26.4921875	1.5	out	2	6782
28.8828125	1.5	out	2	7394
31.2734375	1.5	out	2	8006
33.6640625	1.5	out	2	8618
36.0546875	1.5	out	2	9230
38.4453125	1.5	out	2	9842
40.8359375	1.5	out	2	10454
43.2265625	1.5	out	2	11066
45.6171875	1.5	out	2	11678
48.0078125	1.5	out	2	12290
50.3984375	1.5	out	2	12902
52.7890625	1.5	out	2	13514
55.1796875	1.5	out	2	14126
57.5703125	1.5	out	2	14738
59.9609375	1.5	out	2	15350
62.3515625	1.5	out	2	15962
64.7421875	1.5	out	2	16574
67.1328125	1.5	out	2	17186
69.5234375	1.5	out	2	17798
71.9140625	1.5	out	2	18410
74.3046875	1.5	out	2	19022
76.6953125	1.5	out	2	19634
79.0859375	1.5	out	2	20246
81.4765625	1.5	out	2	20858
83.8671875	1.5	out	2	21470
86.2578125	1.5	out	2	22082
88.6484375	1.5	out	2	22694
91.0390625	1.5	out	2	23306
93.4296875	1.5	out	2	23918
95.8203125	1.5	out	2	24530
98.2109375	1.5	out	2	25142
100.6015625	1.5	out	2	25754
102.9921875	1.5	out	2	26366
105.3828125	1.5	out	2	26978
107.7734375	1.5	out	2	27590
110.1640625	1.5	out	2	28202
112.5546875	1.5	out	2	28814
114.9453125	1.5	out	2	29426
117.3359375	1.5	out	2	30038
119.7265625	1.5	out	2	30650
122.1171875	1.5	out	2	31262
124.5078125	1.5	out	2	31874
126.8984375	1.5	out	2	32486
129.2890625	1.5	out	2	33098
131.6796875	1.5	out	2	33710
134.0703125	1.5	out	2	34322
136.4609375	1.5	out	2	34934
138.8515625	1.5	out	2	35546
141.2421875	1.5	out	2	36158
143.6328125	1.5	out	2	36770
146.0234375	1.5	out	2	37382
148.4140625	1.5	out	2	37994
150.8046875	1.5	out	2	38606
153.1953125	1.5	out	2	39218
155.5859375	1.5	out	2	39830
157.9765625	1.5	out	2	40442
160.3671875	1.5	out	2	41054
162.7578125	1.5	out	2	41666
165.1484375	1.5	out	2	42278
167.5390625	1.5	out	2	42890
169.9296875	1.5	out	2	43502
172.3203125	1.5	out	2	44114
174.7109375	1.5	out	2	44726
177.1015625	1.5	out	2	45338
179.4921875	1.5	out	2	45950
181.8828125	1.5	out	2	46562
184.2734375	1.5	out	2	47174
186.6640625	1.5	out	2	47786
189.0546875	1.5	out	2	48398
191.4453125	1.5	out	2	49010
193.8359375	1.5	out	2	49622
196.2265625	1.5	out	2	50234
198.6171875	1.5	out	2	50846
201.0078125	1.5	out	2	51458
203.3984375	1.5	out	2	52070
205.7890625	1.5	out	2	52682
208.1796875	1.5	out	2	53294
210.5703125	1.5	out	2	53906
212.9609375	1.5	out	2	54518
215.3515625	1.5	out	2	55130
217.7421875	1.5	out	2	55742
220.1328125	1.5	out	2	56354
222.5234375	1.5	out	2	56966
224.9140625	1.5	out	2	57578
227.3046875	1.5	out	2	58190
229.6953125	1.5	out	2	58802
232.0859375	1.5	out	2	59414
234.4765625	1.5	out	2	60026
236.8671875	1.5	out	2	60638
239.2578125	1.5	out	2	61250
241.6484375	1.5	out	2	61862
244.0390625	1.5	out	2	62474
246.4296875	1.5	out	2	63086
248.8203125	1.5	out	2	63698
251.2109375	1.5	out	2	64310
253.6015625	1.5	out	2	64922
255.9921875	1.5	out	2	65534
258.3828125	1.5	out	2	66146
260.7734375	1.5	out	2	66758
263.1640625	1.5	out	2	67370
265.5546875	1.5	out	2	67982
267.9453125	1.5	out	2	68594
270.3359375	1.5	out	2	69206
272.7265625	1.5	out	2	69818
275.1171875	1.5	out	2	70430
277.5078125	1.5	out	2	71042
279.8984375	1.5	out	2	71654
282.2890625	1.5	out	2	72266
284.6796875	1.5	out	2	72878
287.0703125	1.5	out	2	73490
289.4609375	1.5	out	2	74102
291.8515625	1.5	out	2	74714
294.2421875	1.5	out	2	75326
296.6328125	1.5	out	2	75938
299.0234375	1.5	out	2	76550
301.4140625	1.5	out	2	77162
303.8046875	1.5	out	2	77774
306.1953125	1.5	out	2	78386
308.5859375	1.5	out	2	78998
310.9765625	1.5	out	2	79610
313.3671875	1.5	out	2	80222
315.7578125	1.5	out	2	80834
318.1484375	1.5	out	2	81446
320.5390625	1.5	out	2	82058
322.9296875	1.5	out	2	82670
325.3203125	1.5	out	2	83282
327.7109375	1.5	out	2	83894
330.1015625	1.5	out	2	84506
332.4921875	1.5	out	2	85118
334.8828125	1.5	out	2	85730
337.2734375	1.5	out	2	86342
339.6640625	1.5	out	2	86954
342.0546875	1.5	out	2	87566
344.4453125	1.5	out	2	88178
346.8359375	1.5	out	2	88790
349.2265625	1.5	out	2	89402
351.6171875	1.5	out	2	90014
354.0078125	1.5	out	2	90626
356.3984375	1.5	out	2	91238
358.7890625	1.5	out	2	91850
361.1796875	1.5	out	2	92462
363.5703125	1.5	out	2	93074
365.9609375	1.5	out	2	93686
368.3515625	1.5	out	2	94298
370.7421875	1.5	out	2	94910
373.1328125	1.5	out	2	95522
375.5234375	1.5	out	2	96134
377.9140625	1.5	out	2	96746
380.3046875	1.5	out	2	97358
382.6953125	1.5	out	2	97970
385.0859375	1.5	out	2	98582
387.4765625	1.5	out	2	99194
389.8671875	1.5	out	2	99806
392.2578125	1.5	out	2	100418
394.6484375	1.5	out	2	101030
397.0390625	1.5	out	2	101642
399.4296875	1.5	out	2	102254
401.8203125	1.5	out	2	102866
404.2109375	1.5	out	2	103478
406.6015625	1.5	out	2	104090
408.9921875	1.5	out	2	104702
411.3828125	1.5	out	2	105314
413.7734375	1.5	out	2	105926
416.1640625	1.5	out	2	106538
418.5546875	1.5	out	2	107150
420.9453125	1.5	out	2	107762
423.3359375	1.5	out	2	108374
425.7265625	1.5	out	2	108986
428.1171875	1.5	out	2	109598
430.5078125	1.5	out	2	110210
432.8984375	1.5	out	2	110822
435.2890625	1.5	out	2	111434
437.6796875	1.5	out	2	112046
440.0703125	1.5	out	2	112658
442.4609375	1.5	out	2	113270
444.8515625	1.5	out	2	113882
447.2421875	1.5	out	2	114494
449.6328125	1.5	out	2	115106
452.0234375	1.5	out	2	115718
454.4140625	1.5	out	2	116330
456.8046875	1.5	out	2	116942
459.1953125	1.5	out	2	117554
461.5859375	1.5	out	2	118166
463.9765625	1.5	out	2	118778
466.3671875	1.5	out	2	119390
468.7578125	1.5	out	2	120002
471.1484375	1.5	out	2	120614
473.5390625	1.5	out	2	121226
475.9296875	1.5	out	2	121838
478.3203125	1.5	out	2	122450
480.7109375	1.5	out	2	123062
483.1015625	1.5	out	2	123674
485.4921875	1.5	out	2	124286
487.8828125	1.5	out	2	124898
490.2734375	1.5	out	2	125510
492.6640625	1.5	out	2	126122
495.0546875	1.5	out	2	126734
497.4453125	1.5	out	2	127346
499.8359375	1.5	out	2	127958
502.2265625	1.5	out	2	128570
504.6171875	1.5	out	2	129182
507.0078125	1.5	out	2	129794
509.3984375	1.5	out	2	130406
511.7890625	1.5	out	2	131018
514.1796875	1.5	out	2	131630
516.5703125	1.5	out	2	132242
518.9609375	1.5	out	2	132854
521.3515625	1.5	out	2	133466
523.7421875	1.5	out	2	134078
526.1328125	1.5	out	2	134690
528.5234375	1.5	out	2	135302
530.9140625	1.5	out	2	135914
533.3046875	1.5	out	2	136526
535.6953125	1.5	out	2	137138
538.0859375	1.5	out	2	137750
540.4765625	1.5	out	2	138362
542.8671875	1.5	out	2	138974
545.2578125	1.5	out	2	139586
547.6484375	1.5	out	2	140198
550.0390625	1.5	out	2	140810
552.4296875	1.5	out	2	141422
554.8203125	1.5	out	2	142034
557.2109375	1.5	out	2	142646
559.6015625	1.5	out	2	143258
561.9921875	1.5	out	2	143870
564.3828125	1.5	out	2	144482
566.7734375	1.5	out	2	145094
569.1640625	1.5	out	2	145706
571.5546875	1.5	out	2	146318
573.9453125	1.5	out	2	146930
576.3359375	1.5	out	2	147542
578.7265625	1.5	out	2	148154
581.1171875	1.5	out	2	148766
583.5078125	1.5	out	2	149378
585.8984375	1.5	out	2	149990
588.2890625	1.5	out	2	150602
590.6796875	1.5	out	2	151214
593.0703125	1.5	out	2	151826
595.4609375	1.5	out	2	152438
597.8515625	1.5	out	2	153050
600.2421875	1.5	out	2	153662
602.6328125	1.5	out	2	154274
605.0234375	1.5	out	2	154886
607.4140625	1.5	out	2	155498
609.8046875	1.5	out	2	156110
612.1953125	1.5	out	2	156722
614.5859375	1.5	out	2	157334
616.9765625	1.5	out	2	157946
619.3671875	1.5	out	2	158558
621.7578125	1.5	out	2	159170
624.1484375	1.5	out	2	159782
626.5390625	1.5	out	2	160394
628.9296875	1.5	out	2	161006
631.3203125	1.5	out	2	161618
633.7109375	1.5	out	2	162230
636.1015625	1.5	out	2	162842
638.4921875	1.5	out	2	163454
640.8828125	1.5	out	2	164066
643.2734375	1.5	out	2	164678
645.6640625	1.5	out	2	165290
648.0546875	1.5	out	2	165902
650.4453125	1.5	out	2	166514
652.8359375	1.5	out	2	167126
655.2265625	1.5	out	2	167738
657.6171875	1.5	out	2	168350
660.0078125	1.5	out	2	168962
662.3984375	1.5	out	2	169574
664.7890625	1.5	out	2	170186
667.1796875	1.5	out	2	170798
669.5703125	1.5	out	2	171410
671.9609375	1.5	out	2	172022
674.3515625	1.5	out	2	172634
676.7421875	1.5	out	2	173246
679.1328125	1.5	out	2	173858
681.5234375	1.5	out	2	174470
683.9140625	1.5	out	2	175082
686.3046875	1.5	out	2	175694
688.6953125	1.5	out	2	176306
691.0859375	1.5	out	2	176918
693.4765625	1.5	out	2	177530
695.8671875	1.5	out	2	178142
698.2578125	1.5	out	2	178754
700.6484375	1.5	out	2	179366
703.0390625	1.5	out	2	179978
705.4296875	1.5	out	2	180590
707.8203125	1.5	out	2	181202
710.2109375	1.5	out	2	181814
712.6015625	1.5	out	2	182426
714.9921875	1.5	out	2	183038
717.3828125	1.5	in	1	183650
719.7734375	1.5	in	1	184262
722.1640625	1.5	in	1	184874
724.5546875	1.5	in	1	185486
726.9453125	1.5	in	1	186098
729.3359375	1.5	in	1	186710
731.7265625	1.5	in	1	187322
734.1171875	1.5	in	1	187934
736.5078125	1.5	in	1	188546
738.8984375	1.5	in	1	189158
741.2890625	1.5	in	1	189770
743.6796875	1.5	in	1	190382
746.0703125	1.5	in	1	190994
748.4609375	1.5	in	1	191606
750.8515625	1.5	in	1	192218
753.2421875	1.5	in	1	192830
755.6328125	1.5	in	1	193442
758.0234375	1.5	in	1	194054
760.4140625	1.5	in	1	194666
762.8046875	1.5	in	1	195278
765.1953125	1.5	in	1	195890
767.5859375	1.5	in	1	196502
769.9765625	1.5	in	1	197114
772.3671875	1.5	in	1	197726
774.7578125	1.5	in	1	198338
777.1484375	1.5	in	1	198950
779.5390625	1.5	in	1	199562
781.9296875	1.5	in	1	200174
784.3203125	1.5	in	1	200786
786.7109375	1.5	in	1	201398
789.1015625	1.5	in	1	202010
791.4921875	1.5	in	1	202622
793.8828125	1.5	in	1	203234
796.2734375	1.5	in	1	203846
798.6640625	1.5	in	1	204458
801.0546875	1.5	in	1	205070
803.4453125	1.5	in	1	205682
805.8359375	1.5	in	1	206294
808.2265625	1.5	in	1	206906
810.6171875	1.5	in	1	207518
813.0078125	1.5	in	1	208130
815.3984375	1.5	in	1	208742
817.7890625	1.5	in	1	209354
820.1796875	1.5	in	1	209966
822.5703125	1.5	in	1	210578
824.9609375	1.5	in	1	211190
827.3515625	1.5	in	1	211802
829.7421875	1.5	in	1	212414
832.1328125	1.5	in	1	213026
834.5234375	1.5	in	1	213638
836.9140625	1.5	in	1	214250
839.3046875	1.5	in	1	214862
841.6953125	1.5	in	1	215474
844.0859375	1.5	in	1	216086
846.4765625	1.5	in	1	216698
848.8671875	1.5	in	1	217310
851.2578125	1.5	in	1	217922
853.6484375	1.5	in	1	218534
856.0390625	1.5	in	1	219146
858.4296875	1.5	in	1	219758
860.8203125	1.5	in	1	220370
863.2109375	1.5	in	1	220982
865.6015625	1.5	in	1	221594
867.9921875	1.5	in	1	222206
870.3828125	1.5	in	1	222818
872.7734375	1.5	in	1	223430
875.1640625	1.5	in	1	224042
877.5546875	1.5	in	1	224654
879.9453125	1.5	in	1	225266
882.3359375	1.5	in	1	225878
884.7265625	1.5	in	1	226490
887.1171875	1.5	in	1	227102
889.5078125	1.5	in	1	227714
891.8984375	1.5	in	1	228326
894.2890625	1.5	in	1	228938
896.6796875	1.5	in	1	229550
899.0703125	1.5	in	1	230162
901.4609375	1.5	in	1	230774
903.8515625	1.5	in	1	231386
906.2421875	1.5	in	1	231998
908.6328125	1.5	in	1	232610
911.0234375	1.5	in	1	233222
913.4140625	1.5	in	1	233834
915.8046875	1.5	in	1	234446
918.1953125	1.5	in	1	235058
920.5859375	1.5	in	1	235670
922.9765625	1.5	in	1	236282
925.3671875	1.5	in	1	236894
927.7578125	1.5	in	1	237506
930.1484375	1.5	in	1	238118
932.5390625	1.5	in	1	238730
934.9296875	1.5	in	1	239342
937.3203125	1.5	in	1	239954
939.7109375	1.5	in	1	240566
942.1015625	1.5	in	1	241178
944.4921875	1.5	in	1	241790
946.8828125	1.5	in	1	242402
949.2734375	1.5	in	1	243014
951.6640625	1.5	in	1	243626
954.0546875	1.5	in	1	244238
956.4453125	1.5	in	1	244850
958.8359375	1.5	in	1	245462
961.2265625	1.5	in	1	246074
963.6171875	1.5	in	1	246686
966.0078125	1.5	in	1	247298
968.3984375	1.5	in	1	247910
970.7890625	1.5	in	1	248522
973.1796875	1.5	in	1	249134
975.5703125	1.5	in	1	249746
977.9609375	1.5	in	1	250358
980.3515625	1.5	in	1	250970
982.7421875	1.5	in	1	251582
985.1328125	1.5	in	1	252194
987.5234375	1.5	in	1	252806
989.9140625	1.5	in	1	253418
992.3046875	1.5	in	1	254030
994.6953125	1.5	in	1	254642
997.0859375	1.5	in	1	255254
999.4765625	1.5	in	1	255866
1001.8671875	1.5	in	1	256478
1004.2578125	1.5	in	1	257090
1006.6484375	1.5	in	1	257702
1009.0390625	1.5	in	1	258314
1011.4296875	1.5	in	1	258926
1013.8203125	1.5	in	1	259538
1016.2109375	1.5	in	1	260150
1018.6015625	1.5	in	1	260762
1020.9921875	1.5	in	1	261374
1023.3828125	1.5	in	1	261986
1025.7734375	1.5	in	1	262598
1028.1640625	1.5	in	1	263210
1030.5546875	1.5	in	1	263822
1032.9453125	1.5	in	1	264434
1035.3359375	1.5	in	1	265046
1037.7265625	1.5	in	1	265658
1040.1171875	1.5	in	1	266270
1042.5078125	1.5	in	1	266882
1044.8984375	1.5	in	1	267494
1047.2890625	1.5	in	1	268106
1049.6796875	1.5	in	1	268718
1052.0703125	1.5	in	1	269330
1054.4609375	1.5	in	1	269942
1056.8515625	1.5	in	1	270554
1059.2421875	1.5	in	1	271166
1061.6328125	1.5	in	1	271778
1064.0234375	1.5	in	1	272390
1066.4140625	1.5	in	1	273002
1068.8046875	1.5	in	1	273614
1071.1953125	1.5	in	1	274226
1073.5859375	1.5	in	1	274838
1075.9765625	1.5	in	1	275450
1078.3671875	1.5	in	1	276062
1080.7578125	1.5	in	1	276674
1083.1484375	1.5	in	1	277286
1085.5390625	1.5	in	1	277898
1087.9296875	1.5	in	1	278510
1090.3203125	1.5	in	1	279122
1092.7109375	1.5	in	1	279734
1095.1015625	1.5	in	1	280346
1097.4921875	1.5	in	1	280958
1099.8828125	1.5	in	1	281570
1102.2734375	1.5	in	1	282182
1104.6640625	1.5	in	1	282794
1107.0546875	1.5	in	1	283406
1109.4453125	1.5	in	1	284018
1111.8359375	1.5	in	1	284630
1114.2265625	1.5	in	1	285242
1116.6171875	1.5	in	1	285854
1119.0078125	1.5	in	1	286466
1121.3984375	1.5	in	1	287078
1123.7890625	1.5	in	1	287690
1126.1796875	1.5	in	1	288302
1128.5703125	1.5	in	1	288914
1130.9609375	1.5	in	1	289526
1133.3515625	1.5	in	1	290138
1135.7421875	1.5	in	1	290750
1138.1328125	1.5	in	1	291362
1140.5234375	1.5	in	1	291974
1142.9140625	1.5	in	1	292586
1145.3046875	1.5	in	1	293198
1147.6953125	1.5	in	1	293810
1150.0859375	1.5	in	1	294422
1152.4765625	1.5	in	1	295034
1154.8671875	1.5	in	1	295646
1157.2578125	1.5	in	1	296258
1159.6484375	1.5	in	1	296870
1162.0390625	1.5	in	1	297482
1164.4296875	1.5	in	1	298094
1166.8203125	1.5	in	1	298706
1169.2109375	1.5	in	1	299318
1171.6015625	1.5	in	1	299930
1173.9921875	1.5	in	1	300542
1176.3828125	1.5	in	1	301154
1178.7734375	1.5	in	1	301766
1181.1640625	1.5	in	1	302378
1183.5546875	1.5	in	1	302990
1185.9453125	1.5	in	1	303602
1188.3359375	1.5	in	1	304214
1190.7265625	1.5	in	1	304826
1193.1171875	1.5	in	1	305438
1195.5078125	1.5	in	1	306050
1197.8984375	1.5	in	1	306662
1200.2890625	1.5	in	1	307274
1202.6796875	1.5	in	1	307886
1205.0703125	1.5	in	1	308498
1207.4609375	1.5	in	1	309110
1209.8515625	1.5	in	1	309722
1212.2421875	1.5	in	1	310334
1214.6328125	1.5	in	1	310946
1217.0234375	1.5	in	1	311558
1219.4140625	1.5	in	1	312170
1221.8046875	1.5	in	1	312782
1224.1953125	1.5	in	1	313394
1226.5859375	1.5	in	1	314006
1228.9765625	1.5	in	1	314618
1231.3671875	1.5	in	1	315230
1233.7578125	1.5	in	1	315842
1236.1484375	1.5	in	1	316454
1238.5390625	1.5	in	1	317066
1240.9296875	1.5	in	1	317678
1243.3203125	1.5	in	1	318290
1245.7109375	1.5	in	1	318902
1248.1015625	1.5	in	1	319514
1250.4921875	1.5	in	1	320126
1252.8828125	1.5	in	1	320738
1255.2734375	1.5	in	1	321350
1257.6640625	1.5	in	1	321962
1260.0546875	1.5	in	1	322574
1262.4453125	1.5	in	1	323186
1264.8359375	1.5	in	1	323798
1267.2265625	1.5	in	1	324410
1269.6171875	1.5	in	1	325022
1272.0078125	1.5	in	1	325634
1274.3984375	1.5	in	1	326246
1276.7890625	1.5	in	1	326858
1279.1796875	1.5	in	1	327470
1281.5703125	1.5	in	1	328082
1283.9609375	1.5	in	1	328694
1286.3515625	1.5	in	1	329306
1288.7421875	1.5	in	1	329918
1291.1328125	1.5	in	1	330530
1293.5234375	1.5	in	1	331142
1295.9140625	1.5	in	1	331754
1298.3046875	1.5	in	1	332366
1300.6953125	1.5	in	1	332978
1303.0859375	1.5	in	1	333590
1305.4765625	1.5	in	1	334202
1307.8671875	1.5	in	1	334814
1310.2578125	1.5	in	1	335426
1312.6484375	1.5	in	1	336038
1315.0390625	1.5	in	1	336650
1317.4296875	1.5	in	1	337262
1319.8203125	1.5	in	1	337874
1322.2109375	1.5	in	1	338486
1324.6015625	1.5	in	1	339098
1326.9921875	1.5	in	1	339710
1329.3828125	1.5	in	1	340322
1331.7734375	1.5	in	1	340934
1334.1640625	1.5	in	1	341546
1336.5546875	1.5	in	1	342158
1338.9453125	1.5	in	1	342770
1341.3359375	1.5	in	1	343382
1343.7265625	1.5	in	1	343994
1346.1171875	1.5	in	1	344606
1348.5078125	1.5	in	1	345218
1350.8984375	1.5	in	1	345830
1353.2890625	1.5	in	1	346442
1355.6796875	1.5	in	1	347054
1358.0703125	1.5	in	1	347666
1360.4609375	1.5	in	1	348278
1362.8515625	1.5	in	1	348890
1365.2421875	1.5	in	1	349502
1367.6328125	1.5	in	1	350114
1370.0234375	1.5	in	1	350726
1372.4140625	1.5	in	1	351338
1374.8046875	1.5	in	1	351950
1377.1953125	1.5	in	1	352562
1379.5859375	1.5	in	1	353174
1381.9765625	1.5	in	1	353786
1384.3671875	1.5	in	1	354398
1386.7578125	1.5	in	1	355010
1389.1484375	1.5	in	1	355622
1391.5390625	1.5	in	1	356234
1393.9296875	1.5	in	1	356846
1396.3203125	1.5	in	1	357458
1398.7109375	1.5	in	1	358070
1401.1015625	1.5	in	1	358682
1403.4921875	1.5	in	1	359294
1405.8828125	1.5	in	1	359906
1408.2734375	1.5	in	1	360518
1410.6640625	1.5	in	1	361130
1413.0546875	1.5	in	1	361742
1415.4453125	1.5	in	1	362354
1417.8359375	1.5	in	1	362966
1420.2265625	1.5	in	1	363578
1422.6171875	1.5	in	1	364190
1425.0078125	1.5	in	1	364802
1427.3984375	1.5	in	1	365414
1429.7890625	1.5	in	1	366026
1432.1796875	1.5	in	1	366638
1434.5703125	1.5	up	3	367250
1436.9609375	1.5	up	3	367862
1439.3515625	1.5	up	3	368474
1441.7421875	1.5	up	3	369086
1444.1328125	1.5	up	3	369698
1446.5234375	1.5	up	3	370310
1448.9140625	1.5	up	3	370922
1451.3046875	1.5	up	3	371534
1453.6953125	1.5	up	3	372146
1456.0859375	1.5	up	3	372758
1458.4765625	1.5	up	3	373370
1460.8671875	1.5	up	3	373982
1463.2578125	1.5	up	3	374594
1465.6484375	1.5	up	3	375206
1468.0390625	1.5	up	3	375818
1470.4296875	1.5	up	3	376430
1472.8203125	1.5	up	3	377042
1475.2109375	1.5	up	3	377654
1477.6015625	1.5	up	3	378266
1479.9921875	1.5	up	3	378878
1482.3828125	1.5	up	3	379490
1484.7734375	1.5	up	3	380102
1487.1640625	1.5	up	3	380714
1489.5546875	1.5	up	3	381326
1491.9453125	1.5	up	3	381938
1494.3359375	1.5	up	3	382550
1496.7265625	1.5	up	3	383162
1499.1171875	1.5	up	3	383774
1501.5078125	1.5	up	3	384386
1503.8984375	1.5	up	3	384998
1506.2890625	1.5	up	3	385610
1508.6796875	1.5	up	3	386222
1511.0703125	1.5	up	3	386834
1513.4609375	1.5	up	3	387446
1515.8515625	1.5	up	3	388058
1518.2421875	1.5	up	3	388670
1520.6328125	1.5	up	3	389282
1523.0234375	1.5	up	3	389894
1525.4140625	1.5	up	3	390506
1527.8046875	1.5	up	3	391118
1530.1953125	1.5	up	3	391730
1532.5859375	1.5	up	3	392342
1534.9765625	1.5	up	3	392954
1537.3671875	1.5	up	3	393566
1539.7578125	1.5	up	3	394178
1542.1484375	1.5	up	3	394790
1544.5390625	1.5	up	3	395402
1546.9296875	1.5	up	3	396014
1549.3203125	1.5	up	3	396626
1551.7109375	1.5	up	3	397238
1554.1015625	1.5	up	3	397850
1556.4921875	1.5	up	3	398462
1558.8828125	1.5	up	3	399074
1561.2734375	1.5	up	3	399686
1563.6640625	1.5	up	3	400298
1566.0546875	1.5	up	3	400910
1568.4453125	1.5	up	3	401522
1570.8359375	1.5	up	3	402134
1573.2265625	1.5	up	3	402746
1575.6171875	1.5	up	3	403358
1578.0078125	1.5	up	3	403970
1580.3984375	1.5	up	3	404582
1582.7890625	1.5	up	3	405194
1585.1796875	1.5	up	3	405806
1587.5703125	1.5	up	3	406418
1589.9609375	1.5	up	3	407030
1592.3515625	1.5	up	3	407642
1594.7421875	1.5	up	3	408254
1597.1328125	1.5	up	3	408866
1599.5234375	1.5	up	3	409478
1601.9140625	1.5	up	3	410090
1604.3046875	1.5	up	3	410702
1606.6953125	1.5	up	3	411314
1609.0859375	1.5	up	3	411926
1611.4765625	1.5	up	3	412538
1613.8671875	1.5	up	3	413150
1616.2578125	1.5	up	3	413762
1618.6484375	1.5	up	3	414374
1621.0390625	1.5	up	3	414986
1623.4296875	1.5	up	3	415598
1625.8203125	1.5	up	3	416210
1628.2109375	1.5	up	3	416822
1630.6015625	1.5	up	3	417434
1632.9921875	1.5	up	3	418046
1635.3828125	1.5	up	3	418658
1637.7734375	1.5	up	3	419270
1640.1640625	1.5	up	3	419882
1642.5546875	1.5	up	3	420494
1644.9453125	1.5	up	3	421106
1647.3359375	1.5	up	3	421718
1649.7265625	1.5	up	3	422330
1652.1171875	1.5	up	3	422942
1654.5078125	1.5	up	3	423554
1656.8984375	1.5	up	3	424166
1659.2890625	1.5	up	3	424778
1661.6796875	1.5	up	3	425390
1664.0703125	1.5	up	3	426002
1666.4609375	1.5	up	3	426614
1668.8515625	1.5	up	3	427226
1671.2421875	1.5	up	3	427838
1673.6328125	1.5	up	3	428450
1676.0234375	1.5	up	3	429062
1678.4140625	1.5	up	3	429674
1680.8046875	1.5	up	3	430286
1683.1953125	1.5	up	3	430898
1685.5859375	1.5	up	3	431510
1687.9765625	1.5	up	3	432122
1690.3671875	1.5	up	3	432734
1692.7578125	1.5	up	3	433346
1695.1484375	1.5	up	3	433958
1697.5390625	1.5	up	3	434570
1699.9296875	1.5	up	3	435182
1702.3203125	1.5	up	3	435794
1704.7109375	1.5	up	3	436406
1707.1015625	1.5	up	3	437018
1709.4921875	1.5	up	3	437630
1711.8828125	1.5	up	3	438242
1714.2734375	1.5	up	3	438854
1716.6640625	1.5	up	3	439466
1719.0546875	1.5	up	3	440078
1721.4453125	1.5	up	3	440690
1723.8359375	1.5	up	3	441302
1726.2265625	1.5	up	3	441914
1728.6171875	1.5	up	3	442526
1731.0078125	1.5	up	3	443138
1733.3984375	1.5	up	3	443750
1735.7890625	1.5	up	3	444362
1738.1796875	1.5	up	3	444974
1740.5703125	1.5	up	3	445586
1742.9609375	1.5	up	3	446198
1745.3515625	1.5	up	3	446810
1747.7421875	1.5	up	3	447422
1750.1328125	1.5	up	3	448034
1752.5234375	1.5	up	3	448646
1754.9140625	1.5	up	3	449258
1757.3046875	1.5	up	3	449870
1759.6953125	1.5	up	3	450482
1762.0859375	1.5	up	3	451094
1764.4765625	1.5	up	3	451706
1766.8671875	1.5	up	3	452318
1769.2578125	1.5	up	3	452930
1771.6484375	1.5	up	3	453542
1774.0390625	1.5	up	3	454154
1776.4296875	1.5	up	3	454766
1778.8203125	1.5	up	3	455378
1781.2109375	1.5	up	3	455990
1783.6015625	1.5	up	3	456602
1785.9921875	1.5	up	3	457214
1788.3828125	1.5	up	3	457826
1790.7734375	1.5	up	3	458438
1793.1640625	1.5	up	3	459050
1795.5546875	1.5	up	3	459662
1797.9453125	1.5	up	3	460274
1800.3359375	1.5	up	3	460886
1802.7265625	1.5	up	3	461498
1805.1171875	1.5	up	3	462110
1807.5078125	1.5	up	3	462722
1809.8984375	1.5	up	3	463334
1812.2890625	1.5	up	3	463946
1814.6796875	1.5	up	3	464558
1817.0703125	1.5	up	3	465170
1819.4609375	1.5	up	3	465782
1821.8515625	1.5	up	3	466394
1824.2421875	1.5	up	3	467006
1826.6328125	1.5	up	3	467618
1829.0234375	1.5	up	3	468230
1831.4140625	1.5	up	3	468842
1833.8046875	1.5	up	3	469454
1836.1953125	1.5	up	3	470066
1838.5859375	1.5	up	3	470678
1840.9765625	1.5	up	3	471290
1843.3671875	1.5	up	3	471902
1845.7578125	1.5	up	3	472514
1848.1484375	1.5	up	3	473126
1850.5390625	1.5	up	3	473738
1852.9296875	1.5	up	3	474350
1855.3203125	1.5	up	3	474962
1857.7109375	1.5	up	3	475574
1860.1015625	1.5	up	3	476186
1862.4921875	1.5	up	3	476798
1864.8828125	1.5	up	3	477410
1867.2734375	1.5	up	3	478022
1869.6640625	1.5	up	3	478634
1872.0546875	1.5	up	3	479246
1874.4453125	1.5	up	3	479858
1876.8359375	1.5	up	3	480470
1879.2265625	1.5	up	3	481082
1881.6171875	1.5	up	3	481694
1884.0078125	1.5	up	3	482306
1886.3984375	1.5	up	3	482918
1888.7890625	1.5	up	3	483530
1891.1796875	1.5	up	3	484142
1893.5703125	1.5	up	3	484754
1895.9609375	1.5	up	3	485366
1898.3515625	1.5	up	3	485978
1900.7421875	1.5	up	3	486590
1903.1328125	1.5	up	3	487202
1905.5234375	1.5	up	3	487814
1907.9140625	1.5	up	3	488426
1910.3046875	1.5	up	3	489038
1912.6953125	1.5	up	3	489650
1915.0859375	1.5	up	3	490262
1917.4765625	1.5	up	3	490874
1919.8671875	1.5	up	3	491486
1922.2578125	1.5	up	3	492098
1924.6484375	1.5	up	3	492710
1927.0390625	1.5	up	3	493322
1929.4296875	1.5	up	3	493934
1931.8203125	1.5	up	3	494546
1934.2109375	1.5	up	3	495158
1936.6015625	1.5	up	3	495770
1938.9921875	1.5	up	3	496382
1941.3828125	1.5	up	3	496994
1943.7734375	1.5	up	3	497606
1946.1640625	1.5	up	3	498218
1948.5546875	1.5	up	3	498830
1950.9453125	1.5	up	3	499442
1953.3359375	1.5	up	3	500054
1955.7265625	1.5	up	3	500666
1958.1171875	1.5	up	3	501278
1960.5078125	1.5	up	3	501890
1962.8984375	1.5	up	3	502502
1965.2890625	1.5	up	3	503114
1967.6796875	1.5	up	3	503726
1970.0703125	1.5	up	3	504338
1972.4609375	1.5	up	3	504950
1974.8515625	1.5	up	3	505562
1977.2421875	1.5	up	3	506174
1979.6328125	1.5	up	3	506786
1982.0234375	1.5	up	3	507398
1984.4140625	1.5	up	3	508010
1986.8046875	1.5	up	3	508622
1989.1953125	1.5	up	3	509234
1991.5859375	1.5	up	3	509846
1993.9765625	1.5	up	3	510458
1996.3671875	1.5	up	3	511070
1998.7578125	1.5	up	3	511682
2001.1484375	1.5	up	3	512294
2003.5390625	1.5	up	3	512906
2005.9296875	1.5	up	3	513518
2008.3203125	1.5	up	3	514130
2010.7109375	1.5	up	3	514742
2013.1015625	1.5	up	3	515354
2015.4921875	1.5	up	3	515966
2017.8828125	1.5	up	3	516578
2020.2734375	1.5	up	3	517190
2022.6640625	1.5	up	3	517802
2025.0546875	1.5	up	3	518414
2027.4453125	1.5	up	3	519026
2029.8359375	1.5	up	3	519638
2032.2265625	1.5	up	3	520250
2034.6171875	1.5	up	3	520862
2037.0078125	1.5	up	3	521474
2039.3984375	1.5	up	3	522086
2041.7890625	1.5	up	3	522698
2044.1796875	1.5	up	3	523310
2046.5703125	1.5	up	3	523922
2048.9609375	1.5	up	3	524534
2051.3515625	1.5	up	3	525146
2053.7421875	1.5	up	3	525758
2056.1328125	1.5	up	3	526370
2058.5234375	1.5	up	3	526982
2060.9140625	1.5	up	3	527594
2063.3046875	1.5	up	3	528206
2065.6953125	1.5	up	3	528818
2068.0859375	1.5	up	3	529430
2070.4765625	1.5	up	3	530042
2072.8671875	1.5	up	3	530654
2075.2578125	1.5	up	3	531266
2077.6484375	1.5	up	3	531878
2080.0390625	1.5	up	3	532490
2082.4296875	1.5	up	3	533102
2084.8203125	1.5	up	3	533714
2087.2109375	1.5	up	3	534326
2089.6015625	1.5	up	3	534938
2091.9921875	1.5	up	3	535550
2094.3828125	1.5	up	3	536162
2096.7734375	1.5	up	3	536774
2099.1640625	1.5	up	3	537386
2101.5546875	1.5	up	3	537998
2103.9453125	1.5	up	3	538610
2106.3359375	1.5	up	3	539222
2108.7265625	1.5	up	3	539834
2111.1171875	1.5	up	3	540446
2113.5078125	1.5	up	3	541058
2115.8984375	1.5	up	3	541670
2118.2890625	1.5	up	3	542282
2120.6796875	1.5	up	3	542894
2123.0703125	1.5	up	3	543506
2125.4609375	1.5	up	3	544118
2127.8515625	1.5	up	3	544730
2130.2421875	1.5	up	3	545342
2132.6328125	1.5	up	3	545954
2135.0234375	1.5	up	3	546566
2137.4140625	1.5	up	3	547178
2139.8046875	1.5	up	3	547790
2142.1953125	1.5	up	3	548402
2144.5859375	1.5	up	3	549014
2146.9765625	1.5	up	3	549626
2149.3671875	1.5	up	3	550238
